{"blocks.5.hook_resid_post": [3069, 8641], "blocks.10.hook_resid_post": [10757, 6875], "blocks.15.hook_resid_post": [1695, 8484, 10653, 11048, 13449, 8805, 10653, 8805, 1010], "blocks.20.hook_resid_post": [301, 3940, 3985, 301, 2081, 2699, 5335, 6631, 7116, 7610, 12318], "total_density": 24, "avg_density": 6.0, "ce_loss": 4.019371032714844, "logit_diff": 1.9848566055297852, "faithfulness": 0.7879129339802509}