{"Step": 62, "Progress": 1.215686274509804, "Avg Nonzero Elements": 7.75, "Task Loss": 0.3514256477355957, "Sparsity Loss": 0.3467571437358856, "temperature": 627.0910034179688, "_timestamp": 1740643896.47955, "_runtime": 30.85281491279602, "_step": 62, "_wandb": {"runtime": 30}}