{"blocks.5.hook_resid_post": [727, 3069, 5133, 11613, 8641, 3069, 3069, 5749, 5860, 8247, 12576, 14938, 16096], "blocks.10.hook_resid_post": [3986, 4449, 10757, 14760, 4449, 6875, 8896, 6181, 10757, 1205, 4993, 10052, 10757, 14678, 15961], "blocks.15.hook_resid_post": [1695, 1923, 3617, 3663, 4094, 4904, 5292, 6562, 7669, 8484, 10653, 11048, 13449, 2307, 3763, 6055, 8484, 8805, 10653, 8805, 6542, 7669, 10716, 573, 810, 949, 1010, 1249, 1788, 2019, 2161, 2234, 2874, 5900, 6779, 7416, 8121, 8261, 8320, 8629, 10480, 10551, 10716, 10750, 10935, 11313, 11904, 12510, 14701, 15260, 15501, 15713, 15956], "blocks.20.hook_resid_post": [301, 799, 1692, 3518, 3940, 3985, 6225, 6295, 6631, 8366, 9768, 11032, 11417, 13757, 301, 1332, 6631, 301, 645, 1789, 2521, 2699, 3645, 4108, 4915, 5116, 5335, 5689, 6143, 6260, 6631, 7050, 7610, 8366, 9092, 9100, 9316, 10313, 10597, 11864, 12318, 15026, 15642], "total_density": 124, "avg_density": 31.0, "ce_loss": 3.99716854095459, "logit_diff": 2.5737576484680176, "faithfulness": 1.0216843546827774}