{"blocks.5.hook_resid_post": [3069, 8641, 1758, 3069, 5749, 5860, 8247, 12576, 14938, 16096], "blocks.10.hook_resid_post": [3986, 10757, 6875, 1205, 4993, 10757, 14678, 15961], "blocks.15.hook_resid_post": [1695, 5292, 6562, 8484, 10653, 11048, 13449, 2307, 8805, 10653, 8805, 573, 1010, 1249, 2019, 2874, 5900, 7416, 8261, 8320, 8629, 10397, 10716, 10935, 11904], "blocks.20.hook_resid_post": [301, 3940, 3985, 9768, 301, 2521, 2699, 3339, 4108, 5335, 5689, 6631, 7050, 7610, 9316, 10313, 10597, 12318, 15026, 16111], "total_density": 63, "avg_density": 15.75, "ce_loss": 3.9770736694335938, "logit_diff": 2.331864356994629, "faithfulness": 0.9256618750417022}