{"Step": 62, "Progress": 1.215686274509804, "Avg Nonzero Elements": 31.0, "Task Loss": 0.4741992950439453, "Sparsity Loss": 0.3100000023841858, "temperature": 627.0910034179688, "_timestamp": 1740643819.9782338, "_runtime": 32.767754793167114, "_step": 62, "_wandb": {"runtime": 32}}