{"blocks.5.hook_resid_post": [3069, 8641, 3069, 14938], "blocks.10.hook_resid_post": [10757, 6875], "blocks.15.hook_resid_post": [1695, 5292, 6562, 8484, 10653, 11048, 13449, 2307, 8805, 10653, 8805, 1010, 7416, 10716], "blocks.20.hook_resid_post": [301, 3940, 3985, 301, 2081, 2699, 5335, 6631, 7610, 9316, 12318], "total_density": 31, "avg_density": 7.75, "ce_loss": 3.985913038253784, "logit_diff": 2.505413055419922, "faithfulness": 0.9945541384846969}