{"Step": 62, "Progress": 1.215686274509804, "Avg Nonzero Elements": 15.75, "Task Loss": 0.23354864120483398, "Sparsity Loss": 0.3227999806404114, "temperature": 627.0910034179688, "_timestamp": 1740643858.067815, "_runtime": 30.638962984085083, "_step": 62, "_wandb": {"runtime": 30}}