{"Step": 62, "Progress": 1.215686274509804, "Avg Nonzero Elements": 6.0, "Task Loss": 0.32859575748443604, "Sparsity Loss": 0.49645712971687317, "temperature": 627.0910034179688, "_timestamp": 1740643934.9908757, "_runtime": 30.146371603012085, "_step": 62, "_wandb": {"runtime": 29}}