{"Step": 62, "Progress": 1.215686274509804, "Avg Nonzero Elements": 4.25, "Task Loss": 0.4129800796508789, "Sparsity Loss": 0.5716047883033752, "temperature": 627.0910034179688, "_timestamp": 1740643973.572706, "_runtime": 30.569695949554443, "_step": 62, "_wandb": {"runtime": 30}}